{"cameraMode":{"drawMode":0,"name":"Shaded","section":"Shading Mode"},"sceneLighting":true,"audioPlay":false,"sceneViewState":{"m_AlwaysRefresh":false,"showFog":true,"showSkybox":true,"showFlares":true,"showImageEffects":true,"showParticleSystems":true,"showVisualEffectGraphs":true,"m_FxEnabled":true},"in2DMode":false,"pivot":{"x":24.285079956054689,"y":-2.0398101806640627,"z":9.281696319580079},"rotation":{"x":0.05399505794048309,"y":0.2506176829338074,"z":-0.014003361575305462,"w":0.9664867520332336},"size":30.054340362548829,"orthographic":false}